{
  "VPT50@0.10": 26,
  "VPT50@0.25": 28,
  "VPT50@0.50": 30,
  "VPT80@0.10": 21,
  "VPT80@0.25": 24,
  "VPT80@0.50": 26,
  "max_horizon": 100,
  "nMSE@1": 0.0003059834707528353,
  "nMSE@10": 0.0012556089786812663,
  "nMSE@100": 384.69158935546875,
  "nMSE@5": 0.0008333188598044217,
  "nMSE@90": 260.3689880371094,
  "nMSE_AUC": 76.8770523071289,
  "nMSE_curve": [
    0.0003059834707528353,
    0.0006059148581698537,
    0.0006299485103227198,
    0.000717689748853445,
    0.0008333188598044217,
    0.0008571462240070105,
    0.0009170145494863391,
    0.0010170044843107462,
    0.001158034661784768,
    0.0012556089786812663,
    0.00135140516795218,
    0.001495286705903709,
    0.0017397208139300346,
    0.0020442293025553226,
    0.002468312159180641,
    0.003036356531083584,
    0.003794783493503928,
    0.004864655435085297,
    0.00635130051523447,
    0.008317774161696434,
    0.010998763144016266,
    0.014635363593697548,
    0.019636962562799454,
    0.026513677090406418,
    0.03590293973684311,
    0.04874299466609955,
    0.0661989375948906,
    0.08995586633682251,
    0.12201917171478271,
    0.16551844775676727,
    0.22348332405090332,
    0.2998937964439392,
    0.40013208985328674,
    0.5294539332389832,
    0.6939478516578674,
    0.9020828008651733,
    1.161910057067871,
    1.4829095602035522,
    1.8733060359954834,
    2.342072010040283,
    2.897554874420166,
    3.5518436431884766,
    4.312556266784668,
    5.189013481140137,
    6.190485954284668,
    7.324440002441406,
    8.599320411682129,
    10.012760162353516,
    11.580892562866211,
    13.311687469482422,
    15.207806587219238,
    17.278745651245117,
    19.530492782592773,
    21.96290397644043,
    24.578092575073242,
    27.383113861083984,
    30.389617919921875,
    33.60029220581055,
    37.03457260131836,
    40.687255859375,
    44.551673889160156,
    48.627235412597656,
    52.923622131347656,
    57.4510612487793,
    62.206260681152344,
    67.18782806396484,
    72.39937591552734,
    77.83138275146484,
    83.50004577636719,
    89.42466735839844,
    95.59772491455078,
    102.00970458984375,
    108.67329406738281,
    115.58695983886719,
    122.73808288574219,
    130.139892578125,
    137.7825164794922,
    145.6782989501953,
    153.83563232421875,
    162.24984741210938,
    170.89981079101562,
    179.8234405517578,
    188.99664306640625,
    198.40208435058594,
    208.0807342529297,
    218.00572204589844,
    228.2091064453125,
    238.66268920898438,
    249.39120483398438,
    260.3689880371094,
    271.6057434082031,
    283.093994140625,
    294.8499450683594,
    306.8770446777344,
    319.1696472167969,
    331.73126220703125,
    344.5711669921875,
    357.6641845703125,
    371.03814697265625,
    384.69158935546875
  ],
  "one_step_rmse": 0.006027265451848507,
  "open_loop_rmse@horizon": 2.5142011642456055,
  "primary_metric": "VPT80@0.25",
  "step_nMSE@1": 0.0003059834707528353,
  "step_nMSE@10": 0.002133777132257819,
  "step_nMSE@100": 1736.3818359375,
  "step_nMSE@5": 0.0012958355946466327,
  "step_nMSE@90": 1237.3902587890625,
  "step_nMSE_curve": [
    0.0003059834707528353,
    0.0009058462455868721,
    0.0006780157564207911,
    0.0009809134062379599,
    0.0012958355946466327,
    0.0009762832196429372,
    0.0012762247351929545,
    0.0017169332131743431,
    0.002286277012899518,
    0.002133777132257819,
    0.0023093665950000286,
    0.003077984321862459,
    0.004672928713262081,
    0.0060028377920389175,
    0.008405474945902824,
    0.011557022109627724,
    0.01592961512506008,
    0.023052476346492767,
    0.03311091288924217,
    0.045680779963731766,
    0.0646185427904129,
    0.09100397676229477,
    0.129672110080719,
    0.18467815220355988,
    0.2612452208995819,
    0.3697442412376404,
    0.5200534462928772,
    0.7313930988311768,
    1.019791603088379,
    1.4269976615905762,
    1.9624288082122803,
    2.668619155883789,
    3.6077568531036377,
    4.797075271606445,
    6.286741256713867,
    8.186806678771973,
    10.5156888961792,
    13.359893798828125,
    16.708372116088867,
    20.623939514160156,
    25.116867065429688,
    30.3776912689209,
    36.262481689453125,
    42.876651763916016,
    50.25531005859375,
    58.352352142333984,
    67.24380493164062,
    76.44447326660156,
    86.85121154785156,
    98.12066650390625,
    110.01371765136719,
    122.89665222167969,
    136.62135314941406,
    150.88067626953125,
    165.79830932617188,
    181.65924072265625,
    198.75389099121094,
    216.6087646484375,
    236.22283935546875,
    256.1956787109375,
    276.416748046875,
    297.23638916015625,
    319.29962158203125,
    342.67974853515625,
    366.5390930175781,
    390.98992919921875,
    416.36114501953125,
    441.775634765625,
    468.9693603515625,
    498.2236328125,
    527.711669921875,
    557.2603149414062,
    588.4514770507812,
    620.285400390625,
    651.9205322265625,
    685.2752685546875,
    718.6220703125,
    753.6541137695312,
    790.1066284179688,
    826.9733276367188,
    862.8956909179688,
    902.6383666992188,
    941.1995849609375,
    979.0533447265625,
    1021.0877685546875,
    1061.62939453125,
    1105.699951171875,
    1148.124755859375,
    1193.5018310546875,
    1237.3902587890625,
    1282.91650390625,
    1328.52294921875,
    1376.39892578125,
    1425.395751953125,
    1474.673583984375,
    1525.0833740234375,
    1577.201171875,
    1627.688232421875,
    1681.687255859375,
    1736.3818359375
  ],
  "warmup_steps": 10
}