{
  "VPT50@0.25": 28,
  "VPT80@0.25": 24,
  "VPT80_fraction": 0.24,
  "checkpoint_step": 1000,
  "max_horizon": 100,
  "model_name": "student",
  "nMSE@10": 0.0012556089786812663,
  "nMSE@100": 384.69158935546875,
  "nMSE@90": 260.3689880371094,
  "nMSE_AUC": 76.8770523071289,
  "primary_metric": "VPT80@0.25",
  "step_nMSE@10": 0.002133777132257819,
  "step_nMSE@100": 1736.3818359375
}