{
  "VPT50@0.25": 29,
  "VPT80@0.25": 25,
  "VPT80_fraction": 0.025,
  "checkpoint_step": 1000,
  "max_horizon": 1000,
  "model_name": "student",
  "nMSE@10": 0.0006722634425386786,
  "nMSE@100": 368.50994873046875,
  "nMSE@1000": 124688.140625,
  "nMSE@90": 247.3206787109375,
  "nMSE_AUC": 39542.296875,
  "primary_metric": "VPT80@0.25",
  "step_nMSE@10": 0.0011578311678022146,
  "step_nMSE@100": 1689.0302734375,
  "step_nMSE@1000": 386687.0
}