{
  "VPT50@0.10": 10,
  "VPT50@0.25": 16,
  "VPT50@0.50": 19,
  "VPT80@0.10": 3,
  "VPT80@0.25": 7,
  "VPT80@0.50": 11,
  "max_horizon": 100,
  "nMSE@1": 0.02577248215675354,
  "nMSE@10": 0.07866896688938141,
  "nMSE@100": 561.0543823242188,
  "nMSE@5": 0.04484351724386215,
  "nMSE@90": 403.23876953125,
  "nMSE_AUC": 130.208740234375,
  "nMSE_curve": [
    0.02577248215675354,
    0.03588221222162247,
    0.037603769451379776,
    0.040827393531799316,
    0.04484351724386215,
    0.04865049570798874,
    0.053602371364831924,
    0.06020204722881317,
    0.0684632733464241,
    0.07866896688938141,
    0.09257390350103378,
    0.10883137583732605,
    0.1295802742242813,
    0.15628108382225037,
    0.1914346069097519,
    0.2337835282087326,
    0.2876565754413605,
    0.35527467727661133,
    0.4388645887374878,
    0.5453683733940125,
    0.6747544407844543,
    0.834315299987793,
    1.027755856513977,
    1.2552260160446167,
    1.528968334197998,
    1.8535075187683105,
    2.2370033264160156,
    2.681014060974121,
    3.1955904960632324,
    3.7910313606262207,
    4.48031759262085,
    5.269448280334473,
    6.152563095092773,
    7.14592170715332,
    8.252107620239258,
    9.483877182006836,
    10.867300987243652,
    12.394525527954102,
    14.074136734008789,
    15.919289588928223,
    17.930980682373047,
    20.11520767211914,
    22.489625930786133,
    25.070039749145508,
    27.83440589904785,
    30.79562759399414,
    33.93346405029297,
    37.26934814453125,
    40.82206344604492,
    44.58827209472656,
    48.56663513183594,
    52.77596664428711,
    57.23763656616211,
    61.93844223022461,
    66.87493896484375,
    72.06809997558594,
    77.49249267578125,
    83.16799926757812,
    89.07994079589844,
    95.25679779052734,
    101.66374206542969,
    108.31964874267578,
    115.24819946289062,
    122.44908905029297,
    129.90597534179688,
    137.60638427734375,
    145.5634765625,
    153.7906494140625,
    162.2784881591797,
    171.04901123046875,
    180.08358764648438,
    189.36639404296875,
    198.89071655273438,
    208.67987060546875,
    218.72044372558594,
    229.0207061767578,
    239.608154296875,
    250.49874877929688,
    261.6625671386719,
    273.13323974609375,
    284.894287109375,
    296.94036865234375,
    309.26922607421875,
    321.87353515625,
    334.7596130371094,
    347.9090576171875,
    361.3297119140625,
    375.0284423828125,
    388.9792785644531,
    403.23876953125,
    417.8238525390625,
    432.649658203125,
    447.72052001953125,
    463.0679016113281,
    478.6968994140625,
    494.58990478515625,
    510.77593994140625,
    527.24951171875,
    544.0238647460938,
    561.0543823242188
  ],
  "one_step_rmse": 0.026918258517980576,
  "open_loop_rmse@horizon": 3.0629091262817383,
  "primary_metric": "VPT80@0.25",
  "step_nMSE@1": 0.02577248215675354,
  "step_nMSE@10": 0.17052024602890015,
  "step_nMSE@100": 2247.0732421875,
  "step_nMSE@5": 0.060908012092113495,
  "step_nMSE@90": 1672.3310546875,
  "step_nMSE_curve": [
    0.02577248215675354,
    0.045991942286491394,
    0.04104688763618469,
    0.050498269498348236,
    0.060908012092113495,
    0.06768541038036346,
    0.08331359922885895,
    0.1063997745513916,
    0.13455303013324738,
    0.17052024602890015,
    0.23162329196929932,
    0.2876635789871216,
    0.37856703996658325,
    0.503391683101654,
    0.6835838556289673,
    0.8690172433853149,
    1.149625539779663,
    1.5047824382781982,
    1.9434829950332642,
    2.568939685821533,
    3.2624762058258057,
    4.185092449188232,
    5.283449172973633,
    6.4870381355285645,
    8.098784446716309,
    9.966985702514648,
    12.207897186279297,
    14.669305801391602,
    17.603731155395508,
    21.058820724487305,
    25.158897399902344,
    29.732511520385742,
    34.41223907470703,
    39.92675018310547,
    45.862403869628906,
    52.595802307128906,
    60.67058563232422,
    68.90184020996094,
    77.89933776855469,
    87.88026428222656,
    98.39866638183594,
    109.6684799194336,
    122.21514892578125,
    136.02789306640625,
    149.46649169921875,
    164.05056762695312,
    178.27386474609375,
    194.05599975585938,
    211.35252380371094,
    229.13235473632812,
    247.48480224609375,
    267.4519958496094,
    289.244384765625,
    311.0811767578125,
    333.44598388671875,
    357.69207763671875,
    381.25799560546875,
    406.6721496582031,
    431.9729309082031,
    459.6910400390625,
    486.08001708984375,
    514.330322265625,
    544.8182373046875,
    576.10498046875,
    607.146728515625,
    638.133056640625,
    670.731201171875,
    705.0108032226562,
    739.4521484375,
    776.2147216796875,
    812.5037841796875,
    848.4469604492188,
    884.6409912109375,
    923.288330078125,
    961.7225341796875,
    1001.5407104492188,
    1044.253662109375,
    1089.075439453125,
    1132.43896484375,
    1179.31689453125,
    1225.780029296875,
    1272.669677734375,
    1320.238525390625,
    1368.0303955078125,
    1417.18896484375,
    1465.6121826171875,
    1515.504638671875,
    1566.8194580078125,
    1616.654296875,
    1672.3310546875,
    1730.4825439453125,
    1781.796630859375,
    1834.24169921875,
    1890.374267578125,
    1947.821044921875,
    2004.423828125,
    2064.6376953125,
    2125.18701171875,
    2187.90966796875,
    2247.0732421875
  ],
  "warmup_steps": 10
}