{
  "obs_mean": [
    0.029827920719981194,
    -0.0013811151729896665,
    0.015332414768636227,
    -0.000491130689624697
  ],
  "obs_std": [
    0.2284705936908722,
    0.023276038467884064,
    0.17140768468379974,
    0.1607484072446823
  ],
  "act_mean": [
    0.0007942363736219704
  ],
  "act_std": [
    0.18694967031478882
  ],
  "delta_mean": [
    0.0006158644100651145,
    -1.9942550352425314e-05,
    0.00012986757792532444,
    -1.9709972548298538e-05
  ],
  "delta_std": [
    0.006767694838345051,
    0.005829642992466688,
    0.06095533072948456,
    0.1351631134748459
  ]
}