{
  "best_score": 24.0,
  "checkpoint_metric": "val/VPT80@0.25",
  "checkpoint_mode": "max",
  "metrics": {
    "VPT50@0.10": 24,
    "VPT50@0.25": 27,
    "VPT50@0.50": 29,
    "VPT80@0.10": 21,
    "VPT80@0.25": 24,
    "VPT80@0.50": 26,
    "loss/one_step": 0.001818522927351296,
    "loss/rollout": 0.003952573984861374,
    "loss/total": 0.005771096795797348,
    "max_horizon": 100,
    "nMSE@1": 0.001262322417460382,
    "nMSE@10": 0.0015535333659499884,
    "nMSE@100": 391.8077087402344,
    "nMSE@5": 0.0009919247822836041,
    "nMSE@90": 265.6224365234375,
    "nMSE_AUC": 78.72638702392578,
    "nMSE_curve": [
      0.001262322417460382,
      0.0010346978669986129,
      0.0009499661973677576,
      0.000877995160408318,
      0.0009919247822836041,
      0.000994350528344512,
      0.0011862041428685188,
      0.0012863816227763891,
      0.0013999221846461296,
      0.0015535333659499884,
      0.001795465825125575,
      0.002138676354661584,
      0.0026370452251285315,
      0.003312579356133938,
      0.0042626638896763325,
      0.005555273033678532,
      0.007346197497099638,
      0.009789211675524712,
      0.013155335560441017,
      0.01759984903037548,
      0.022994913160800934,
      0.03022868186235428,
      0.040095195174217224,
      0.053206492215394974,
      0.06987158954143524,
      0.09044212847948074,
      0.11601435393095016,
      0.14850541949272156,
      0.18840736150741577,
      0.2398776412010193,
      0.30610284209251404,
      0.3894030451774597,
      0.49407723546028137,
      0.6287285089492798,
      0.7977912425994873,
      1.008813500404358,
      1.2761483192443848,
      1.6103229522705078,
      2.0246758460998535,
      2.5256786346435547,
      3.1191282272338867,
      3.8197226524353027,
      4.640216827392578,
      5.577364444732666,
      6.641815662384033,
      7.831877708435059,
      9.144883155822754,
      10.616147994995117,
      12.282733917236328,
      14.110026359558105,
      16.100770950317383,
      18.2656192779541,
      20.607135772705078,
      23.127105712890625,
      25.837961196899414,
      28.76009750366211,
      31.879486083984375,
      35.20341110229492,
      38.736244201660156,
      42.471031188964844,
      46.43669891357422,
      50.62892150878906,
      55.02997970581055,
      59.64422607421875,
      64.50038146972656,
      69.5924072265625,
      74.91319274902344,
      80.46649169921875,
      86.25936889648438,
      92.2674789428711,
      98.53704833984375,
      105.06291198730469,
      111.83641052246094,
      118.84795379638672,
      126.11892700195312,
      133.61569213867188,
      141.35086059570312,
      149.32064819335938,
      157.57022094726562,
      166.073486328125,
      174.8048553466797,
      183.84295654296875,
      193.16952514648438,
      202.7223663330078,
      212.53793334960938,
      222.61546325683594,
      232.94619750976562,
      243.55889892578125,
      254.4657440185547,
      265.6224365234375,
      276.9964904785156,
      288.6640319824219,
      300.60443115234375,
      312.7908935546875,
      325.2645263671875,
      337.98638916015625,
      350.9995422363281,
      364.31207275390625,
      377.9402160644531,
      391.8077087402344
    ],
    "one_step_rmse": 0.00683158915489912,
    "open_loop_rmse@horizon": 2.5425257682800293,
    "primary_metric": "VPT80@0.25",
    "step_nMSE@1": 0.001262322417460382,
    "step_nMSE@10": 0.0029360344633460045,
    "step_nMSE@100": 1764.688720703125,
    "step_nMSE@5": 0.0014476433862000704,
    "step_nMSE@90": 1258.568359375,
    "step_nMSE_curve": [
      0.001262322417460382,
      0.000807073200121522,
      0.0007805029163137078,
      0.0006620821077376604,
      0.0014476433862000704,
      0.0010064782109111547,
      0.0023373267613351345,
      0.00198762328363955,
      0.002308247145265341,
      0.0029360344633460045,
      0.004214791115373373,
      0.005913992412388325,
      0.008617470040917397,
      0.012094522826373577,
      0.017563851550221443,
      0.02494441345334053,
      0.03600098192691803,
      0.051320452243089676,
      0.07374558597803116,
      0.10204557329416275,
      0.1308961808681488,
      0.18213781714439392,
      0.2571585178375244,
      0.3547663688659668,
      0.4698338508605957,
      0.6047055125236511,
      0.7808924317359924,
      1.0257642269134521,
      1.305661678314209,
      1.732515573501587,
      2.292858123779297,
      2.9717094898223877,
      3.8436527252197266,
      5.072216987609863,
      6.545925140380859,
      8.394590377807617,
      10.900205612182617,
      13.974782943725586,
      17.77008819580078,
      22.064781188964844,
      26.857105255126953,
      32.544097900390625,
      39.100982666015625,
      45.87469482421875,
      53.4776725769043,
      61.38466262817383,
      69.54312133789062,
      79.76558685302734,
      92.27888488769531,
      103.64732360839844,
      115.63804626464844,
      128.6728515625,
      142.36605834960938,
      156.68545532226562,
      172.22418212890625,
      189.4776153564453,
      206.56521606445312,
      224.66705322265625,
      243.6405487060547,
      262.82366943359375,
      284.3768310546875,
      306.354248046875,
      327.8956298828125,
      350.34161376953125,
      375.29486083984375,
      400.5733642578125,
      426.08544921875,
      452.53704833984375,
      480.1756591796875,
      506.8267517089844,
      537.4071044921875,
      568.3988037109375,
      599.5284423828125,
      630.6909790039062,
      664.1708984375,
      695.8729248046875,
      729.2227783203125,
      762.9950561523438,
      801.037353515625,
      837.83154296875,
      873.3140869140625,
      915.9288330078125,
      957.9495849609375,
      995.6064453125,
      1037.0458984375,
      1079.2052001953125,
      1121.388427734375,
      1166.8642578125,
      1214.269287109375,
      1258.568359375,
      1300.660888671875,
      1350.4117431640625,
      1399.119384765625,
      1446.131103515625,
      1497.7864990234375,
      1546.5633544921875,
      1600.2642822265625,
      1655.6246337890625,
      1713.499267578125,
      1764.688720703125
    ],
    "warmup_steps": 10
  },
  "model": "student",
  "updates": 2000
}